{"cameraMode":{"drawMode":0,"name":"Shaded","section":"Shading Mode"},"sceneLighting":true,"audioPlay":false,"sceneViewState":{"m_AlwaysRefresh":false,"showFog":true,"showSkybox":true,"showFlares":true,"showImageEffects":true,"showParticleSystems":true,"showVisualEffectGraphs":true,"m_FxEnabled":true},"in2DMode":false,"pivot":{"x":-0.5398862361907959,"y":-0.06646919250488281,"z":14.303354263305664},"rotation":{"x":-0.2045896202325821,"y":-0.11888733506202698,"z":0.02504025585949421,"w":-0.9713016152381897},"size":4.8644280433654789,"orthographic":false}